Parameter,Mean,Std,Min,25%,Median,75%,Max
params_batch_size,139.2941176470588,72.39109467493425,64.0,64.0,128.0,128.0,256.0
params_dense_1_dropout,0.21000000000000002,0.1852925614624973,0.0,0.025,0.2,0.375,0.5
params_dense_1_units,236.8,138.42029395207112,64.0,144.0,224.0,304.0,448.0
params_dense_2_dropout,0.26666666666666666,0.15055453054181622,0.0,0.22500000000000003,0.30000000000000004,0.375,0.4
params_dense_2_units,309.3333333333333,136.76646762516998,64.0,272.0,352.0,384.0,448.0
params_dense_3_dropout,,,,,,,
params_dense_3_units,,,,,,,
params_learning_rate,0.001499867924601054,0.002337509992650936,1.8023023436268852e-05,0.00031680015784627864,0.0007025727835686475,0.0015006052166780862,0.009168245304616632
params_lstm_dropout_layer_0,0.24705882352941178,0.11788578719900637,0.0,0.2,0.2,0.30000000000000004,0.4
params_lstm_dropout_layer_1,0.2923076923076923,0.17059473644448736,0.0,0.2,0.30000000000000004,0.4,0.5
params_lstm_dropout_layer_2,0.3,0.1,0.2,0.25,0.30000000000000004,0.35000000000000003,0.4
params_lstm_dropout_layer_3,0.2,,0.2,0.2,0.2,0.2,0.2
params_lstm_dropout_layer_4,0.0,,0.0,0.0,0.0,0.0,0.0
params_lstm_dropout_layer_5,0.1,,0.1,0.1,0.1,0.1,0.1
params_lstm_recurrent_dropout_layer_0,0.3235294117647059,0.1521898968587677,0.1,0.30000000000000004,0.30000000000000004,0.5,0.5
params_lstm_recurrent_dropout_layer_1,0.2076923076923077,0.16563785025137653,0.0,0.1,0.2,0.30000000000000004,0.5
params_lstm_recurrent_dropout_layer_2,0.26666666666666666,0.11547005383792516,0.2,0.2,0.2,0.30000000000000004,0.4
params_lstm_recurrent_dropout_layer_3,0.4,,0.4,0.4,0.4,0.4,0.4
params_lstm_recurrent_dropout_layer_4,0.5,,0.5,0.5,0.5,0.5,0.5
params_lstm_recurrent_dropout_layer_5,0.2,,0.2,0.2,0.2,0.2,0.2
params_lstm_units_layer_0,184.47058823529412,65.51156161993356,64.0,128.0,192.0,256.0,256.0
params_lstm_units_layer_1,152.6153846153846,61.489211061153455,32.0,128.0,160.0,192.0,256.0
params_lstm_units_layer_2,138.66666666666666,48.88080741286229,96.0,112.0,128.0,160.0,192.0
params_lstm_units_layer_3,224.0,,224.0,224.0,224.0,224.0,224.0
params_lstm_units_layer_4,192.0,,192.0,192.0,192.0,192.0,192.0
params_lstm_units_layer_5,192.0,,192.0,192.0,192.0,192.0,192.0
params_num_dense_layers,0.9411764705882353,0.8993461677306268,0.0,0.0,1.0,2.0,2.0
params_num_layers,2.1176470588235294,1.1663164740528442,1.0,2.0,2.0,2.0,6.0
