Parameter,Mean,Std,Min,25%,Median,75%,Max
params_batch_size,144.0,74.55774368137185,64.0,112.0,128.0,160.0,256.0
params_dense_1_dropout,0.20000000000000004,0.1264911064067352,0.0,0.2,0.2,0.2,0.4
params_dense_1_units,330.6666666666667,204.06534901022926,64.0,192.0,352.0,512.0,512.0
params_dense_2_dropout,0.23333333333333336,0.2081665999466133,0.0,0.15000000000000002,0.30000000000000004,0.35000000000000003,0.4
params_dense_2_units,213.33333333333334,161.06313461910935,64.0,128.0,192.0,288.0,384.0
params_dense_3_dropout,0.05,0.07071067811865477,0.0,0.025,0.05,0.07500000000000001,0.1
params_dense_3_units,320.0,90.50966799187809,256.0,288.0,320.0,352.0,384.0
params_learning_rate,0.0034173014101053097,0.0036360453100883344,2.8835464855946448e-05,0.00039172308678705147,0.0023288849059895076,0.005740906258516048,0.009698043335323403
params_num_dense_layers,1.375,1.1877349391654208,0.0,0.75,1.0,2.25,3.0
params_num_layers,3.125,0.8345229603962802,2.0,2.75,3.0,4.0,4.0
params_tcnn1d_filters_0,296.0,123.0470293366379,32.0,272.0,320.0,384.0,416.0
params_tcnn1d_filters_1,340.0,184.1738309315414,32.0,192.0,400.0,488.0,512.0
params_tcnn1d_filters_2,240.0,210.08188879577412,32.0,64.0,224.0,384.0,512.0
params_tcnn1d_filters_3,213.33333333333334,48.88080741286229,160.0,192.0,224.0,240.0,256.0
params_tcnn1d_kernel_size_0,2.5,1.4142135623730951,1.0,1.0,2.5,4.0,4.0
params_tcnn1d_kernel_size_1,3.5,1.6035674514745464,1.0,2.0,4.0,5.0,5.0
params_tcnn1d_kernel_size_2,2.8333333333333335,1.4719601443879744,1.0,2.0,2.5,3.75,5.0
params_tcnn1d_kernel_size_3,3.0,2.0,1.0,2.0,3.0,4.0,5.0
params_tcnn1d_pool_size_0,4.875,2.5319388392523003,2.0,2.75,4.5,7.25,8.0
params_tcnn1d_pool_size_1,4.625,2.38671920665766,2.0,2.0,5.0,6.25,8.0
params_tcnn1d_pool_size_2,6.0,2.449489742783178,2.0,5.0,6.5,8.0,8.0
params_tcnn1d_pool_size_3,5.0,2.0,3.0,4.0,5.0,6.0,7.0
