Parameter,Mean,Std,Min,25%,Median,75%,Max
params_batch_size,210.11320754716982,78.7619735408671,64.0,128.0,256.0,256.0,256.0
params_cnn1d_filters_0,276.52830188679246,79.15724462048381,32.0,224.0,288.0,320.0,448.0
params_cnn1d_filters_1,337.84615384615387,124.72894291463918,32.0,280.0,384.0,416.0,480.0
params_cnn1d_filters_2,340.14814814814815,86.5722036149389,128.0,288.0,320.0,400.0,512.0
params_cnn1d_filters_3,101.6470588235294,52.13556988332269,32.0,64.0,96.0,128.0,192.0
params_cnn1d_kernel_size_0,3.4716981132075473,0.8458899179358992,1.0,3.0,3.0,4.0,5.0
params_cnn1d_kernel_size_1,3.0,0.9497161598676341,1.0,2.75,3.0,3.0,5.0
params_cnn1d_kernel_size_2,2.7037037037037037,1.2345916426966952,1.0,2.0,2.0,3.5,5.0
params_cnn1d_kernel_size_3,2.0,1.2747548783981961,1.0,1.0,2.0,2.0,5.0
params_cnn1d_pool_size_0,1.0754716981132075,0.26667876121581074,1.0,1.0,1.0,1.0,2.0
params_cnn1d_pool_size_1,1.6923076923076923,0.6116022524760565,1.0,1.0,2.0,2.0,3.0
params_cnn1d_pool_size_2,1.2962962962962963,0.4653216269680752,1.0,1.0,1.0,2.0,2.0
params_cnn1d_pool_size_3,1.0,0.0,1.0,1.0,1.0,1.0,1.0
params_dense_1_dropout,0.35714285714285715,0.12724180205607036,0.2,0.25,0.4,0.45,0.5
params_dense_1_units,292.57142857142856,164.6560628935936,64.0,192.0,256.0,416.0,512.0
params_dense_2_dropout,0.14,0.15165750888103102,0.0,0.0,0.1,0.30000000000000004,0.30000000000000004
params_dense_2_units,358.4,97.06080568385984,256.0,320.0,320.0,384.0,512.0
params_dense_3_dropout,0.275,0.2217355782608345,0.0,0.15000000000000002,0.30000000000000004,0.42500000000000004,0.5
params_dense_3_units,272.0,241.594701928664,64.0,64.0,256.0,464.0,512.0
params_learning_rate,0.0011006449894675468,0.0011887071243106876,2.0178642356477406e-05,0.0004095171204222862,0.000602489067369807,0.001227868233844767,0.005165346257268397
params_num_dense_layers,0.3018867924528302,0.8454608588578582,0.0,0.0,0.0,0.0,3.0
params_num_layers,2.811320754716981,0.9210488121531075,1.0,2.0,3.0,4.0,4.0
